Region,Total
Northwest,1314751.2681
Northeast,2874.5816999999997
Central,1437.4406000000001
Southwest,2040345.1711000002
Southeast,5133.288100000001
Canada,757844.196
France,989346.0554000001
Germany,1054186.2072
Australia,3077022.8102
United Kingdom,1214774.4158
