Mes,Total
1,959702.1879
2,979804.9516
3,1072148.6853
4,1116379.5982000001
5,1250043.1631
6,1269389.8409000002
7,539306.9238
8,566451.1887
9,551108.1972
10,609749.7905
11,617116.3475
12,926514.5595000001
